<FindBugsFilter>
  <Match>
    <Or>
      <!-- Used for backward compatibility and extending utility classes -->
      <Bug pattern="NM_SAME_SIMPLE_NAME_AS_SUPERCLASS"/>
      <!-- Various debug probes have non final static fields -->
      <Bug pattern="MS_SHOULD_BE_FINAL"/>
      <!-- Groovy generates this -->
      <Bug pattern="UMAC_UNCALLABLE_METHOD_OF_ANONYMOUS_CLASS"/>
    </Or>
  </Match>

  <!-- exclude medium and low priorities -->
  <Match>
    <Priority value="2"/>
  </Match>
  <Match>
    <Priority value="3"/>
  </Match>
</FindBugsFilter>
